num_threads,malloc_wall_ms,pool_wall_ms,speedup,malloc_qps,pool_qps
1,0,0,0.000000,0,0
2,0,1,0.000000,0,200000000
4,0,2,0.000000,0,200000000
8,0,5,0.000000,0,160000000
10,0,6,0.000000,0,166666666
16,1,9,0.111111,1600000000,177777777
